<mxGraphModel>
  <root>
    <mxCell id="86bb1f06-1803-2b5b-b3a7-3c22e8746b3b"/>
    <mxCell id="185bef13-466a-f9e7-fe96-4b856ead14cd" parent="86bb1f06-1803-2b5b-b3a7-3c22e8746b3b"/>
    <start id="6247ef5e-b803-ba84-2712-c660a19ec6a9">
      <mxCell style="image;image=images/symbols/event.png" parent="185bef13-466a-f9e7-fe96-4b856ead14cd" vertex="1">
        <mxGeometry x="27" y="279" width="25" height="25" as="geometry"/>
      </mxCell>
    </start>
    <rule name="runScript" properties="{&quot;properties.sync&quot;:&quot;false&quot;,&quot;properties.script&quot;:&quot;import com.egis.kernel.Kernel;\ndoc.signature().assignRole(&#39;_hcp_&#39;, &#39;&#39;)\ndoc.workflow().set(&#39;_hcp_&#39;, Kernel.get(&#39;com.egis.party.GroupService&#39;).getMembers(&#39;HCP&#39;, null)[0])\n&quot;,&quot;properties.path&quot;:&quot;&quot;}" label="Find HCP" id="2b897d36-36d9-2cad-044f-6920d9f307db">
      <mxCell style="image;image=images/script.png" parent="185bef13-466a-f9e7-fe96-4b856ead14cd" vertex="1">
        <mxGeometry x="102" y="273" width="38" height="38" as="geometry"/>
      </mxCell>
    </rule>
    <mxCell id="0ae14c34-2f5c-4116-2b39-0a587fff71a9" value="" parent="185bef13-466a-f9e7-fe96-4b856ead14cd" source="6247ef5e-b803-ba84-2712-c660a19ec6a9" target="2b897d36-36d9-2cad-044f-6920d9f307db" edge="1">
      <mxGeometry relative="1" as="geometry"/>
    </mxCell>
    <rule name="sendEmail" properties="{&quot;properties.to&quot;:&quot;${_hcp_}&quot;,&quot;properties.subject&quot;:&quot;Notification of Request for Termination Letter - ${formNo}&quot;,&quot;properties.from&quot;:&quot;&quot;,&quot;properties.inReplyTo&quot;:&quot;&quot;,&quot;properties.html&quot;:&quot;false&quot;,&quot;properties.sms&quot;:&quot;false&quot;,&quot;properties.body&quot;:&quot;Dear ${hcp_name}\n\nPlease create a Termination Letter for  ${employee_name} due to Absence without Leave\n\nRegards \n\nTE\n&quot;,&quot;properties.attachSource&quot;:&quot;false&quot;,&quot;properties.attachAttachments&quot;:&quot;false&quot;,&quot;properties.attachPdf&quot;:&quot;false&quot;,&quot;properties.attachLinks&quot;:&quot;true&quot;,&quot;properties.index&quot;:&quot;&quot;}" id="cd0aaf52-eeec-af47-4df6-06eb2644dac6">
      <mxCell style="image;image=images/send_email.png" parent="185bef13-466a-f9e7-fe96-4b856ead14cd" vertex="1">
        <mxGeometry x="203" y="273" width="38" height="38" as="geometry"/>
      </mxCell>
    </rule>
    <mxCell id="3a1bfd97-15aa-701a-355b-1932e8203bea" value="" parent="185bef13-466a-f9e7-fe96-4b856ead14cd" source="2b897d36-36d9-2cad-044f-6920d9f307db" target="cd0aaf52-eeec-af47-4df6-06eb2644dac6" edge="1">
      <mxGeometry relative="1" as="geometry"/>
    </mxCell>
    <party label="HCP" to="${_hcp_}" instruction="" allocationmethod="Original Recipient" groupdistribution="Rotational" id="98c631c0-250d-823a-0b46-3475a34bb9da">
      <mxCell style="image;image=images/user.png" parent="185bef13-466a-f9e7-fe96-4b856ead14cd" vertex="1">
        <mxGeometry x="306" y="268" width="48" height="48" as="geometry"/>
      </mxCell>
    </party>
    <mxCell id="1166cf82-5cd8-8a8c-c809-cf4cd5888b00" value="" parent="185bef13-466a-f9e7-fe96-4b856ead14cd" source="cd0aaf52-eeec-af47-4df6-06eb2644dac6" target="98c631c0-250d-823a-0b46-3475a34bb9da" edge="1">
      <mxGeometry relative="1" as="geometry"/>
    </mxCell>
    <event label="Document.sign" async="false" id="6fe3e349-9c76-421f-1b4a-6a828126c1e1">
      <mxCell style="image;image=images/symbols/rule.png" parent="185bef13-466a-f9e7-fe96-4b856ead14cd" vertex="1">
        <mxGeometry x="459" y="276" width="32" height="32" as="geometry"/>
      </mxCell>
    </event>
    <mxCell id="9152d072-7938-3f54-3fbf-1a8e18020918" value="" parent="185bef13-466a-f9e7-fe96-4b856ead14cd" source="98c631c0-250d-823a-0b46-3475a34bb9da" target="6fe3e349-9c76-421f-1b4a-6a828126c1e1" edge="1">
      <mxGeometry relative="1" as="geometry"/>
    </mxCell>
    <rule name="sendEmail" properties="{&quot;properties.to&quot;:&quot;${_hcm_}&quot;,&quot;properties.subject&quot;:&quot;Notification of Request for Termination Letter - ${formNo}&quot;,&quot;properties.from&quot;:&quot;&quot;,&quot;properties.inReplyTo&quot;:&quot;&quot;,&quot;properties.html&quot;:&quot;false&quot;,&quot;properties.sms&quot;:&quot;false&quot;,&quot;properties.body&quot;:&quot;Dear ${_hcm_name}\n\nPlease create a Termination Letter for  ${employee_name} due to Absence without Leave\n\nRegards \n\nTE\n&quot;,&quot;properties.attachSource&quot;:&quot;false&quot;,&quot;properties.attachAttachments&quot;:&quot;false&quot;,&quot;properties.attachPdf&quot;:&quot;false&quot;,&quot;properties.attachLinks&quot;:&quot;false&quot;,&quot;properties.index&quot;:&quot;&quot;}" id="7cd3cc51-56e1-7da6-030b-60979c2f242b">
      <mxCell style="image;image=images/send_email.png" parent="185bef13-466a-f9e7-fe96-4b856ead14cd" vertex="1">
        <mxGeometry x="702" y="273" width="38" height="38" as="geometry"/>
      </mxCell>
    </rule>
    <rule name="runScript" properties="{&quot;properties.sync&quot;:&quot;false&quot;,&quot;properties.script&quot;:&quot;import com.egis.kernel.Kernel;\ndoc.signature().assignRole(&#39;_hcm_&#39;, &#39;&#39;)\ndoc.workflow().set(&#39;_hcm_&#39;, Kernel.get(&#39;com.egis.party.GroupService&#39;).getMembers(&#39;HCM&#39;, null)[0])\n&quot;,&quot;properties.path&quot;:&quot;&quot;}" label="Find HCM" id="c5b50e42-3455-bcf7-6d20-2bbb35550c3b">
      <mxCell style="image;image=images/script.png" parent="185bef13-466a-f9e7-fe96-4b856ead14cd" vertex="1">
        <mxGeometry x="573" y="273" width="38" height="38" as="geometry"/>
      </mxCell>
    </rule>
    <mxCell id="340219fa-fd79-658f-fd19-03af1735a0d8" value="" parent="185bef13-466a-f9e7-fe96-4b856ead14cd" source="6fe3e349-9c76-421f-1b4a-6a828126c1e1" target="c5b50e42-3455-bcf7-6d20-2bbb35550c3b" edge="1">
      <mxGeometry relative="1" as="geometry"/>
    </mxCell>
    <mxCell id="f7897962-c608-5a9e-4008-a056786be57a" value="" parent="185bef13-466a-f9e7-fe96-4b856ead14cd" source="c5b50e42-3455-bcf7-6d20-2bbb35550c3b" target="7cd3cc51-56e1-7da6-030b-60979c2f242b" edge="1">
      <mxGeometry relative="1" as="geometry"/>
    </mxCell>
    <version label="0.23" docid="34221" date="Thu Apr 19 2018 10:44:07 GMT+0200 (SAST)" docId="34221" id="a8a71642-9cb8-5e22-a7c2-2d9e6dcfbf8a">
      <mxCell parent="185bef13-466a-f9e7-fe96-4b856ead14cd" vertex="1" connectable="0">
        <mxGeometry x="5" y="5" width="40" height="20" as="geometry"/>
      </mxCell>
    </version>
    <party label="HCM" to="${_hcm_}" instruction="" allocationmethod="Original Recipient" groupdistribution="Rotational" id="678219ba-41d6-cdb1-5c27-fca78669a4e0">
      <mxCell style="image;image=images/user.png" parent="185bef13-466a-f9e7-fe96-4b856ead14cd" vertex="1">
        <mxGeometry x="816" y="268" width="48" height="48" as="geometry"/>
      </mxCell>
    </party>
    <mxCell id="91b02a36-75db-8d41-7c6a-0472def79317" value="" parent="185bef13-466a-f9e7-fe96-4b856ead14cd" source="7cd3cc51-56e1-7da6-030b-60979c2f242b" target="678219ba-41d6-cdb1-5c27-fca78669a4e0" edge="1">
      <mxGeometry relative="1" as="geometry"/>
    </mxCell>
    <event label="Document.sign" async="false" id="6b212dcc-3e8b-6ff3-6192-67a01a27e591">
      <mxCell style="image;image=images/symbols/rule.png" parent="185bef13-466a-f9e7-fe96-4b856ead14cd" vertex="1">
        <mxGeometry x="927" y="276" width="32" height="32" as="geometry"/>
      </mxCell>
    </event>
    <mxCell id="7496bb29-862d-1754-f237-109da56adbd8" value="" parent="185bef13-466a-f9e7-fe96-4b856ead14cd" source="678219ba-41d6-cdb1-5c27-fca78669a4e0" target="6b212dcc-3e8b-6ff3-6192-67a01a27e591" edge="1">
      <mxGeometry relative="1" as="geometry"/>
    </mxCell>
    <end id="1869bf3f-cdc3-018f-dd04-4d1cdebe470e">
      <mxCell style="image;image=images/symbols/terminate.png" parent="185bef13-466a-f9e7-fe96-4b856ead14cd" vertex="1">
        <mxGeometry x="1266" y="279" width="25" height="25" as="geometry"/>
      </mxCell>
    </end>
    <rule name="runScript" properties="{&quot;properties.sync&quot;:&quot;false&quot;,&quot;properties.script&quot;:&quot;import com.egis.DocumentModel\nimport com.egis.data.Form\nimport com.egis.kernel.Kernel\nimport com.egis.kernel.db.DbManager\nimport com.egis.Session\nimport org.slf4j.Logger\nimport org.slf4j.LoggerFactory\n\nDocumentModel doc = doc\nDbManager db = Kernel.get(DbManager.class)\nLogger log = LoggerFactory.getLogger(\&quot;com.egis.transnet\&quot;)\nSession session = Kernel.get(Session.class)\n\n\ndef values = doc.signature().savedValues\n\n\nString pql = \&quot;SELECT * FROM &#39;HR/Termination By Absconment/Absconment Request&#39; WHERE formNo=&#39;${values.request_formNo}&#39;\&quot;\nDocumentModel absconmentRequest = session.getDocument(pql)\nabsconmentRequest.save()\nabsconmentRequest.workflow().completeTask()\n&quot;,&quot;properties.path&quot;:&quot;&quot;}" label="Complete Absconment Request" id="85de7c5e-e16a-ea5b-47a8-3d5900181251">
      <mxCell style="image;image=images/script.png" parent="185bef13-466a-f9e7-fe96-4b856ead14cd" vertex="1">
        <mxGeometry x="1079" y="273" width="38" height="38" as="geometry"/>
      </mxCell>
    </rule>
    <mxCell id="2c685fbc-4ff2-1e20-2ff3-b9aab77f6b73" value="" parent="185bef13-466a-f9e7-fe96-4b856ead14cd" source="6b212dcc-3e8b-6ff3-6192-67a01a27e591" target="85de7c5e-e16a-ea5b-47a8-3d5900181251" edge="1">
      <mxGeometry relative="1" as="geometry"/>
    </mxCell>
    <mxCell id="e36299ec-9b6b-7687-028e-3ba34a278480" value="" parent="185bef13-466a-f9e7-fe96-4b856ead14cd" source="85de7c5e-e16a-ea5b-47a8-3d5900181251" target="1869bf3f-cdc3-018f-dd04-4d1cdebe470e" edge="1">
      <mxGeometry relative="1" as="geometry"/>
    </mxCell>
  </root>
</mxGraphModel>
