<mxGraphModel>
  <root>
    <mxCell id="47449616-7bc0-cdb8-71fb-1cfcdec0a333"/>
    <mxCell id="ac6b9c26-d4b9-5dbf-b0fa-11da0ee0373b" parent="47449616-7bc0-cdb8-71fb-1cfcdec0a333"/>
    <start id="c547e08f-2782-7217-f941-6c2f140c855a">
      <mxCell style="image;image=images/symbols/event.png" parent="ac6b9c26-d4b9-5dbf-b0fa-11da0ee0373b" vertex="1">
        <mxGeometry x="36" y="309" width="25" height="25" as="geometry"/>
      </mxCell>
    </start>
    <party label="Line Manger" to="${owner}" instruction="" allocationmethod="Original Recipient" groupdistribution="Rotational" id="fe3c94c4-4481-585a-89e8-a07dc2888182">
      <mxCell style="image;image=images/user.png" parent="ac6b9c26-d4b9-5dbf-b0fa-11da0ee0373b" vertex="1">
        <mxGeometry x="238" y="297.5" width="48" height="48" as="geometry"/>
      </mxCell>
    </party>
    <event label="Document.sign" async="false" id="03932c65-d87c-e7e4-2a5c-c1e919ad76de">
      <mxCell style="image;image=images/symbols/rule.png" parent="ac6b9c26-d4b9-5dbf-b0fa-11da0ee0373b" vertex="1">
        <mxGeometry x="376" y="306" width="32" height="32" as="geometry"/>
      </mxCell>
    </event>
    <mxCell id="021848c3-3645-645e-342f-d99eea879778" value="" parent="ac6b9c26-d4b9-5dbf-b0fa-11da0ee0373b" source="fe3c94c4-4481-585a-89e8-a07dc2888182" target="03932c65-d87c-e7e4-2a5c-c1e919ad76de" edge="1">
      <mxGeometry relative="1" as="geometry"/>
    </mxCell>
    <conditional id="3486644c-8ec2-cf32-36cb-c0c797e6e756">
      <mxCell style="rhombus" parent="ac6b9c26-d4b9-5dbf-b0fa-11da0ee0373b" vertex="1">
        <mxGeometry x="502" y="296.5" width="50" height="50" as="geometry"/>
      </mxCell>
    </conditional>
    <mxCell id="3eb6e30b-80fa-f372-a67e-5826ab823d14" value="" parent="ac6b9c26-d4b9-5dbf-b0fa-11da0ee0373b" source="03932c65-d87c-e7e4-2a5c-c1e919ad76de" target="3486644c-8ec2-cf32-36cb-c0c797e6e756" edge="1">
      <mxGeometry relative="1" as="geometry"/>
    </mxCell>
    <rule name="runScript" label="Generate Absconment Termination Letter" properties="{&quot;properties.sync&quot;:&quot;false&quot;,&quot;properties.script&quot;:&quot;&quot;,&quot;properties.path&quot;:&quot;System/scripts/AbrGenerateAbsconmentTerminationLetter.groovy&quot;}" id="dc7c3985-4aa9-4ada-209f-76520d4baf34">
      <mxCell style="image;image=images/script.png" parent="ac6b9c26-d4b9-5dbf-b0fa-11da0ee0373b" vertex="1">
        <mxGeometry x="508" y="153" width="38" height="38" as="geometry"/>
      </mxCell>
    </rule>
    <mxCell id="5c70929e-057c-3013-0616-facff141b423" value="report_to_duty == &#39;No&#39;" parent="ac6b9c26-d4b9-5dbf-b0fa-11da0ee0373b" source="3486644c-8ec2-cf32-36cb-c0c797e6e756" target="dc7c3985-4aa9-4ada-209f-76520d4baf34" edge="1" label="Employee didn&#39;t report to duty">
      <mxGeometry relative="1" as="geometry"/>
    </mxCell>
    <rule name="sendEmail" properties="{&quot;properties.to&quot;:&quot;${createdBy}&quot;,&quot;properties.subject&quot;:&quot;ggg&quot;,&quot;properties.from&quot;:&quot;&quot;,&quot;properties.inReplyTo&quot;:&quot;&quot;,&quot;properties.html&quot;:&quot;false&quot;,&quot;properties.sms&quot;:&quot;false&quot;,&quot;properties.body&quot;:&quot;gggg&quot;,&quot;properties.attachSource&quot;:&quot;false&quot;,&quot;properties.attachAttachments&quot;:&quot;false&quot;,&quot;properties.attachPdf&quot;:&quot;false&quot;,&quot;properties.attachLinks&quot;:&quot;false&quot;,&quot;properties.index&quot;:&quot;&quot;}" id="4b693207-bd38-8fcb-d5e1-7880b48352aa">
      <mxCell style="image;image=images/send_email.png" parent="ac6b9c26-d4b9-5dbf-b0fa-11da0ee0373b" vertex="1">
        <mxGeometry x="508" y="430" width="38" height="38" as="geometry"/>
      </mxCell>
    </rule>
    <mxCell id="6b8b1fca-061e-ac63-349a-15a47f7a0d0c" value="report_to_duty == &#39;Yes&#39;" parent="ac6b9c26-d4b9-5dbf-b0fa-11da0ee0373b" source="3486644c-8ec2-cf32-36cb-c0c797e6e756" target="4b693207-bd38-8fcb-d5e1-7880b48352aa" edge="1" label="Employee reported to duty">
      <mxGeometry relative="1" as="geometry"/>
    </mxCell>
    <end id="272f4050-a9ca-cdc3-598e-c811c69f13cf">
      <mxCell style="image;image=images/symbols/terminate.png" parent="ac6b9c26-d4b9-5dbf-b0fa-11da0ee0373b" vertex="1">
        <mxGeometry x="637" y="436.5" width="25" height="25" as="geometry"/>
      </mxCell>
    </end>
    <mxCell id="8028c2a9-e3b9-9102-0625-3899982b9edb" value="" parent="ac6b9c26-d4b9-5dbf-b0fa-11da0ee0373b" source="4b693207-bd38-8fcb-d5e1-7880b48352aa" target="272f4050-a9ca-cdc3-598e-c811c69f13cf" edge="1">
      <mxGeometry relative="1" as="geometry"/>
    </mxCell>
    <version label="0.28" docid="34220" date="Thu Apr 19 2018 10:44:10 GMT+0200 (SAST)" docId="34220" id="8b61af36-77af-75f1-a326-d5638f6217eb">
      <mxCell parent="ac6b9c26-d4b9-5dbf-b0fa-11da0ee0373b" vertex="1" connectable="0">
        <mxGeometry x="5" y="5" width="40" height="20" as="geometry"/>
      </mxCell>
    </version>
    <task label="" file="true" id="0e0e7c06-a785-0640-63d1-f9f5a3982054">
      <mxCell style="rectangle" parent="ac6b9c26-d4b9-5dbf-b0fa-11da0ee0373b" vertex="1">
        <mxGeometry x="706" y="152" width="80" height="40" as="geometry"/>
      </mxCell>
    </task>
    <mxCell id="f4f9e6db-dfda-98fb-ce33-eb4c602479e1" value="" parent="ac6b9c26-d4b9-5dbf-b0fa-11da0ee0373b" source="dc7c3985-4aa9-4ada-209f-76520d4baf34" target="0e0e7c06-a785-0640-63d1-f9f5a3982054" edge="1">
      <mxGeometry relative="1" as="geometry"/>
    </mxCell>
    <rule name="assignOwnership" properties="{&quot;properties.owner&quot;:&quot;${createdBy}&quot;}" label="CreatedBy" id="2d548413-a34b-55d8-84a0-aa9a1eee98fe">
      <mxCell style="image;image=images/owner.png" parent="ac6b9c26-d4b9-5dbf-b0fa-11da0ee0373b" vertex="1">
        <mxGeometry x="141" y="240" width="38" height="38" as="geometry"/>
      </mxCell>
    </rule>
    <mxCell id="1d16ce2a-21d5-5896-cb4e-06da3012ea93" value="owner == &#39;&#39; || owner == null" parent="ac6b9c26-d4b9-5dbf-b0fa-11da0ee0373b" source="c547e08f-2782-7217-f941-6c2f140c855a" target="2d548413-a34b-55d8-84a0-aa9a1eee98fe" edge="1" label="No Owner">
      <mxGeometry relative="1" as="geometry">
        <Array as="points">
          <mxPoint x="49" y="259"/>
        </Array>
      </mxGeometry>
    </mxCell>
    <mxCell id="e06e6a7c-2f0b-1e43-1139-8ab3b53a43bc" value="owner != &#39;&#39; &amp;&amp; owner != null" parent="ac6b9c26-d4b9-5dbf-b0fa-11da0ee0373b" source="c547e08f-2782-7217-f941-6c2f140c855a" target="fe3c94c4-4481-585a-89e8-a07dc2888182" edge="1" label="Owner Set">
      <mxGeometry relative="1" as="geometry"/>
    </mxCell>
    <mxCell id="743575bd-defa-1711-2276-609ab10dd55e" value="" parent="ac6b9c26-d4b9-5dbf-b0fa-11da0ee0373b" source="2d548413-a34b-55d8-84a0-aa9a1eee98fe" target="fe3c94c4-4481-585a-89e8-a07dc2888182" edge="1">
      <mxGeometry relative="1" as="geometry">
        <Array as="points">
          <mxPoint x="258" y="259"/>
        </Array>
      </mxGeometry>
    </mxCell>
    <rule name="runScript" properties="{&quot;properties.sync&quot;:&quot;false&quot;,&quot;properties.script&quot;:&quot;import com.egis.DocumentModel\n\nDocumentModel doc = doc;\ndoc.signature().assignRole(\&quot;_requester_\&quot;, doc.ownership().owner.name);\n&quot;,&quot;properties.path&quot;:&quot;&quot;}" label="Assign to owner" id="fd1a87bd-3e8a-8033-b968-be40b014a6da">
      <mxCell style="image;image=images/script.png" parent="ac6b9c26-d4b9-5dbf-b0fa-11da0ee0373b" vertex="1">
        <mxGeometry x="864" y="153" width="38" height="38" as="geometry"/>
      </mxCell>
    </rule>
    <mxCell id="065722a1-b2c0-0255-3b34-9a89628c53c9" value="" parent="ac6b9c26-d4b9-5dbf-b0fa-11da0ee0373b" source="0e0e7c06-a785-0640-63d1-f9f5a3982054" target="fd1a87bd-3e8a-8033-b968-be40b014a6da" edge="1">
      <mxGeometry relative="1" as="geometry"/>
    </mxCell>
    <party label="Line Manager" to="${owner}" instruction="" allocationmethod="Original Recipient" groupdistribution="Rotational" id="ffe83342-005d-8cc3-930b-b0b4cfc5ea78">
      <mxCell style="image;image=images/user.png" parent="ac6b9c26-d4b9-5dbf-b0fa-11da0ee0373b" vertex="1">
        <mxGeometry x="1011" y="148" width="48" height="48" as="geometry"/>
      </mxCell>
    </party>
    <mxCell id="9d5ccb70-4793-434d-edf9-e7f0f583913f" value="" parent="ac6b9c26-d4b9-5dbf-b0fa-11da0ee0373b" source="fd1a87bd-3e8a-8033-b968-be40b014a6da" target="ffe83342-005d-8cc3-930b-b0b4cfc5ea78" edge="1">
      <mxGeometry relative="1" as="geometry"/>
    </mxCell>
    <event label="Document.sign" async="false" id="b54e08d5-e584-2741-9ec7-b068cd4c82d2">
      <mxCell style="image;image=images/symbols/rule.png" parent="ac6b9c26-d4b9-5dbf-b0fa-11da0ee0373b" vertex="1">
        <mxGeometry x="960" y="384" width="32" height="32" as="geometry"/>
      </mxCell>
    </event>
    <mxCell id="83e40ce5-21f9-94e5-2240-4a264233edf8" value="" parent="ac6b9c26-d4b9-5dbf-b0fa-11da0ee0373b" source="ffe83342-005d-8cc3-930b-b0b4cfc5ea78" target="b54e08d5-e584-2741-9ec7-b068cd4c82d2" edge="1">
      <mxGeometry relative="1" as="geometry"/>
    </mxCell>
    <mxCell id="e37ba349-b22c-a6b4-c65e-ef58ae537b89" value="" parent="ac6b9c26-d4b9-5dbf-b0fa-11da0ee0373b" source="b54e08d5-e584-2741-9ec7-b068cd4c82d2" target="272f4050-a9ca-cdc3-598e-c811c69f13cf" edge="1">
      <mxGeometry relative="1" as="geometry"/>
    </mxCell>
  </root>
</mxGraphModel>
