<document>
  <id>34218</id>
  <filename>absconment_form.pdf</filename>
  <title></title>
  <status>Filed</status>
  <contentLength>8011</contentLength>
  <subject></subject>
  <createdDate>2018-04-09 09:25:26</createdDate>
  <contentProfileId>PDF_CONTENT</contentProfileId>
  <imageProfileId></imageProfileId>
  <contentVersion>0.5</contentVersion>
  <createdBy userId="1" name="Administrator" />
  <owner id="" name="" />
  <visibilityId>0</visibilityId>
  <node>
    <id>17</id>
    <name>forms</name>
    <description>forms</description>
    <path>System/forms</path>
    <idPath>1.17.</idPath>
  </node>
  <indexes>
    <index name="_dc" value="1523611244028" />
  </indexes>
  <notes />
  <permissions />
  <attachments />
  <links />
  <files>
    <file>
      <path>source</path>
      <length>8011</length>
      <checksum>2456e775b042ffb3b64cdf0f1894aaf12c09b2d2</checksum>
    </file>
    <file>
      <path>properties.json</path>
      <length>567</length>
      <checksum>646d1bfd49d819865620c3b1e149ee8722da0ee0</checksum>
    </file>
    <file>
      <path>custom.js</path>
      <length>3278</length>
      <checksum>71c027d9f7ce65e6633031591731ae65752e5cdb</checksum>
    </file>
    <file>
      <path>fields.json</path>
      <length>25244</length>
      <checksum>cd6b7b3367d1801a0e9ad0e505d25a1cbb80a72b</checksum>
    </file>
  </files>
</document>