<document>
  <id>34219</id>
  <filename>absconment_termination_letter_form.pdf</filename>
  <title></title>
  <status>Filed</status>
  <contentLength>13390</contentLength>
  <subject></subject>
  <createdDate>2018-04-09 13:28:22</createdDate>
  <contentProfileId>PDF_CONTENT</contentProfileId>
  <imageProfileId></imageProfileId>
  <contentVersion>0.5</contentVersion>
  <createdBy userId="1" name="Administrator" />
  <owner id="" name="" />
  <visibilityId>0</visibilityId>
  <node>
    <id>17</id>
    <name>forms</name>
    <description>forms</description>
    <path>System/forms</path>
    <idPath>1.17.</idPath>
  </node>
  <indexes>
    <index name="_dc" value="1523614272593" />
  </indexes>
  <notes />
  <permissions />
  <attachments />
  <links />
  <files>
    <file>
      <path>properties.json</path>
      <length>705</length>
      <checksum>868d45c162700d91fcc7cccbe4e80e834a642857</checksum>
    </file>
    <file>
      <path>fields.json</path>
      <length>31123</length>
      <checksum>8e05c75aa852d03bc7e90deccbd7cf68b6d2b298</checksum>
    </file>
    <file>
      <path>custom.js</path>
      <length>0</length>
      <checksum>da39a3ee5e6b4b0d3255bfef95601890afd80709</checksum>
    </file>
    <file>
      <path>source</path>
      <length>13390</length>
      <checksum>72988aab6fd6ad53ccc75d82e5bb57b2ce7e86ee</checksum>
    </file>
  </files>
</document>